{
  "metadata": {
    "script": "h100_deploy/transfer_feature_discovery_27b.py",
    "model": "google/gemma-3-27b-it",
    "sae_release": "gemma-scope-2-27b-it-res",
    "sae_id": "layer_40_width_16k_l0_medium",
    "layer": 40,
    "gen_tokens": 64,
    "top_k": 10,
    "timestamp": "2026-04-09T21:58:10.070436",
    "purpose": "Non-circular feature discovery \u2014 reviewer R3 major"
  },
  "discovered": {
    "bvp": {
      "ids": [
        330,
        3491,
        7657,
        3845,
        5636,
        14470,
        245,
        14619,
        2078,
        11206
      ],
      "diffs": [
        400.55755615234375,
        307.3484802246094,
        262.2296447753906,
        194.11968994140625,
        167.8076171875,
        159.1228485107422,
        151.7449951171875,
        145.87026977539062,
        130.83175659179688,
        130.32748413085938
      ]
    },
    "theorem": {
      "ids": [
        212,
        479,
        11193,
        398,
        1403,
        405,
        11563,
        13465,
        10799,
        351
      ],
      "diffs": [
        506.75408935546875,
        302.2405090332031,
        260.8617858886719,
        255.71502685546875,
        239.54119873046875,
        239.53958129882812,
        201.66299438476562,
        201.04151916503906,
        187.616455078125,
        171.27761840820312
      ]
    }
  },
  "jaccard": 0.0,
  "intersection": [],
  "union": [
    212,
    245,
    330,
    351,
    398,
    405,
    479,
    1403,
    2078,
    3491,
    3845,
    5636,
    7657,
    10799,
    11193,
    11206,
    11563,
    13465,
    14470,
    14619
  ],
  "cross_battery": {
    "bvp": {
      "bvp": {
        "n_mean": 421.6840515136719,
        "c_mean": 216.68804931640625,
        "supp_ratio": 0.4861364960670471
      },
      "theorem": {
        "n_mean": 235.98751831054688,
        "c_mean": 279.63958740234375,
        "supp_ratio": -0.1849762201309204
      }
    },
    "theorem": {
      "bvp": {
        "n_mean": 186.33319091796875,
        "c_mean": 151.4311065673828,
        "supp_ratio": 0.1873100996017456
      },
      "theorem": {
        "n_mean": 652.198486328125,
        "c_mean": 395.5733947753906,
        "supp_ratio": 0.3934769630432129
      }
    }
  },
  "canonical_features": [
    423,
    7657,
    632
  ],
  "canonical_cross": {
    "bvp": {
      "n_mean": 403.3487854003906,
      "c_mean": 379.6776123046875,
      "supp_ratio": 0.05868661403656006
    },
    "theorem": {
      "n_mean": 97.64186096191406,
      "c_mean": 47.142635345458984,
      "supp_ratio": 0.5171882808208466
    }
  }
}